year,month,sales,expenditure,Net_profit,Net_profit_percentage,Profit or Loss
2018,jan,6226,3808,2418,38.84,Profit
2018,feb,1521,3373,-1852,-121.76,Loss
2018,mar,1842,3965,-2123,-115.26,Loss
2018,apr,2051,1098,953,46.47,Profit
2018,may,1728,3046,-1318,-76.27,Loss
2018,jun,2138,2258,-120,-5.61,Loss
2018,jul,7479,2084,5395,72.14,Profit
2018,aug,4434,2799,1635,36.87,Profit
2018,sep,3615,1649,1966,54.38,Profit
2018,oct,5472,1116,4356,79.61,Profit
2018,nov,7224,1431,5793,80.19,Profit
2018,dec,1812,3532,-1720,-94.92,Loss
